{
  "timestamp": "2026-05-27T12:38:57.707Z",
  "rtCount": 3,
  "addLiqUsdc": 700,
  "swapUsdc": 500,
  "t22Bps": 1,
  "liquidityDelta": "172123256354",
  "poolLiquidity": "111283654549",
  "usdcNeeded": 699.999999,
  "hopToSend": 4830364.994727,
  "totalHopXferHop": 29153738.549246,
  "t22WithheldHop": 2915.373854,
  "t22WithheldUsdc": 0.314028,
  "lpFeeDrainProjected": 0.9,
  "gasUsdc": 0.03075,
  "cashNetProj": 0.283278,
  "cuConsumed": 706982,
  "cuLimitFinal": 777681,
  "txSize": 915,
  "simOk": true,
  "simErr": null,
  "verdict": "SIM_OK_PROFITABLE",
  "tickBefore": 91364,
  "tickFromCenter": -1156,
  "rangeUtilization": 0.409,
  "swapDirection": "USDC_TO_HOP"
}
