{
  "timestamp": "2026-05-27T12:49:19.484Z",
  "rtCount": 3,
  "addLiqUsdc": 700,
  "swapUsdc": 500,
  "t22Bps": 1,
  "liquidityDelta": "178959966887",
  "poolLiquidity": "111283654549",
  "usdcNeeded": 699.999999,
  "hopToSend": 5284300.44552,
  "totalHopXferHop": 30658526.989696,
  "t22WithheldHop": 3065.852698,
  "t22WithheldUsdc": 0.320424,
  "lpFeeDrainProjected": 0.9,
  "gasUsdc": 0.03075,
  "cashNetProj": 0.289674,
  "cuConsumed": 710463,
  "cuLimitFinal": 781510,
  "txSize": 915,
  "simOk": true,
  "simErr": null,
  "verdict": "SIM_OK_PROFITABLE",
  "tickBefore": 91666,
  "tickFromCenter": -854,
  "rangeUtilization": 0.4269,
  "swapDirection": "USDC_TO_HOP"
}
