{
  "timestamp": "2026-05-27T15:04:25.696Z",
  "rtCount": 3,
  "addLiqUsdc": 700,
  "swapUsdc": 500,
  "t22Bps": 1,
  "liquidityDelta": "106666106147",
  "poolLiquidity": "111283654549",
  "usdcNeeded": 180.625728,
  "hopToSend": 6040963.683257,
  "totalHopXferHop": 44848169.681648,
  "t22WithheldHop": 4484.816968,
  "t22WithheldUsdc": 0.287394,
  "lpFeeDrainProjected": 0.9,
  "gasUsdc": 0.03075,
  "cashNetProj": 0.256644,
  "cuConsumed": 116456,
  "cuLimitFinal": 128102,
  "txSize": 915,
  "simOk": false,
  "simErr": "{\"InstructionError\":[4,{\"Custom\":3007}]}",
  "verdict": "SIM_FAILED",
  "tickBefore": 96558,
  "tickFromCenter": 4038,
  "rangeUtilization": 0.7176,
  "swapDirection": "USDC_TO_HOP"
}
