{
  "timestamp": "2026-05-27T11:48:08.237Z",
  "rtCount": 3,
  "addLiqUsdc": 700,
  "swapUsdc": 500,
  "t22Bps": 1,
  "liquidityDelta": "178898577869",
  "poolLiquidity": "111283654549",
  "usdcNeeded": 623.27816,
  "hopToSend": 6046285.520075,
  "totalHopXferHop": 33974277.189394,
  "t22WithheldHop": 3397.427718,
  "t22WithheldUsdc": 0.326002,
  "lpFeeDrainProjected": 0.9,
  "gasUsdc": 0.03075,
  "cashNetProj": 0.295252,
  "cuConsumed": 692213,
  "cuLimitFinal": 761435,
  "txSize": 915,
  "simOk": true,
  "simErr": null,
  "verdict": "SIM_OK_PROFITABLE"
}
