{
  "timestamp": "2026-05-27T15:41:07.378Z",
  "rtCount": 1,
  "addLiqUsdc": 700,
  "swapUsdc": 500,
  "t22Bps": 1,
  "liquidityDelta": "106666106147",
  "poolLiquidity": "111283654549",
  "usdcNeeded": 180.625728,
  "hopToSend": 6040963.683257,
  "totalHopXferHop": 23003202.6764,
  "t22WithheldHop": 2300.320267,
  "t22WithheldUsdc": 0.147408,
  "lpFeeDrainProjected": 0.3,
  "gasUsdc": 0.03075,
  "cashNetProj": 0.116658,
  "cuConsumed": 405273,
  "cuLimitFinal": 445801,
  "txSize": 671,
  "simOk": true,
  "simErr": null,
  "verdict": "SIM_OK_PROFITABLE",
  "tickBefore": 96558,
  "tickFromCenter": 4038,
  "rangeUtilization": 0.7176,
  "swapDirection": "USDC_TO_HOP"
}
