{
  "timestamp": "2026-05-28T08:18:15.417Z",
  "rtCount": 5,
  "addLiqUsdc": 700,
  "swapUsdc": 500,
  "t22Bps": 1,
  "liquidityDelta": "206487529960",
  "poolLiquidity": "155454712964",
  "usdcNeeded": 699.999999,
  "hopToSend": 7182844.214335,
  "totalHopXferHop": 51545486.413466,
  "t22WithheldHop": 5154.548641,
  "t22WithheldUsdc": 0.485167,
  "lpFeeDrainProjected": 1.5,
  "gasUsdc": 0.03075,
  "cashNetProj": 0.454417,
  "cuConsumed": 1055236,
  "cuLimitFinal": 1160760,
  "txSize": 1159,
  "simOk": true,
  "simErr": null,
  "verdict": "SIM_OK_PROFITABLE",
  "tickBefore": 92713,
  "tickFromCenter": 193,
  "rangeUtilization": 0.4891,
  "swapDirection": "USDC_TO_HOP"
}
